"Data","Descrição","Categoria","Parcelas","Crédito","Débito","FOP","Situação"
"03/01/2022","VIVO Banda Larga","Air BNB","Mensal"," -","56,95","CCorrente Santander","Pago"
"03/01/2022","VIVO Banda Larga","Internet","Mensal"," -","56,95","CCorrente Santander","Pago"
"03/01/2022","IOF","Impostos","Mensal"," -","13,9","CCorrente Santander","Pago"
"03/01/2022","IOF","Impostos","Mensal"," -","2,46","CCorrente Santander","Pago"
"03/01/2022","Kabecos","Alimentação"," -"," -","53,5","CCorrente Santander","Pago"
"03/01/2022","I-Food","Alimentação"," -"," -","34,9","CCorrente Santander","Pago"
"03/01/2022","Ronaldo","Outros"," -"," -","170","CCorrente Santander","Pago"
"04/01/2022","Help","Vestuário","2/4"," -","97,42","CCredito Nubank","Pago"
"04/01/2022","Muller Eletico ","Air BNB","8/10"," -","122,9","CCredito Nubank","Pago"
"04/01/2022","Parcelamento Nubank","Dívidas","9/12"," -","478,06","CCredito Nubank","Pago"
"04/01/2022","Carone","Alimentação","2/2"," -","206,55","CCredito Nubank","Pago"
"04/01/2022","Tok Stok","Móveis","7/10"," -","65","CCredito Nubank","Pago"
"04/01/2022","Otica Londres","Cuidados Pessoais","10/10"," -","44,9","CCredito Nubank","Pago"
"04/01/2022","Amazon","Eletrodomésticos","7/10"," -","33,03","CCredito Nubank","Pago"
"04/01/2022","Oticas Diniz","Cuidados Pessoais","3/10"," -","113","CCredito Nubank","Pago"
"04/01/2022","Amazon","Air BNB","10/10"," -","39,9","CCredito Nubank","Pago"
"04/01/2022","99 Taxi","Transporte"," -"," -","154,69","CCredito Nubank","Pago"
"04/01/2022","Spotfy","Assinatura","Mensal"," -","19,9","CCredito Nubank","Pago"
"04/01/2022","Vacina","Saúde"," -"," -","95","CCredito Nubank","Pago"
"04/01/2022","Vestuário","Cuidados Pessoais"," -"," -","65,6","CCredito Nubank","Pago"
"04/01/2022","Globo Play","Assinatura","Mensal"," -","22,9","CCredito Nubank","Pago"
"04/01/2022","Diversos","Diversos"," -"," -","49,4","CCredito Nubank","Pago"
"04/01/2022","Depilare","Cuidados Pessoais"," -"," -","168","CCredito Nubank","Pago"
"04/01/2022","Padaria","Alimentação"," -"," -","6,19","CCredito Nubank","Pago"
"04/01/2022","Farmácia","Saúde"," -"," -","17,5","CCredito Nubank","Pago"
"04/01/2022","Recarga","Celular"," -"," -","40","CCredito Nubank","Pago"
"04/01/2022","Google","Assinatura","Mensal"," -","6,99","CCredito Nubank","Pago"
"04/01/2022","Insider","Vestuário","1/3"," -","91","CCredito Nubank","Pago"
"04/01/2022","Celular Ruy","Presente","1/6"," -","111,5","CCredito Nubank","Pago"
"04/01/2022","Pedro","Air BNB"," -","3000"," -","CCorrente Santander","Pago"
"05/01/2022","Escelsa ","Air BNB","Mensal"," -","163,49","CCorrente Santander","Pago"
"05/01/2022","Escelsa ","Energia","Mensal"," -","163,49","CCorrente Santander","Pago"
"05/01/2022","CVC Corp ","Salário"," -","3985,76"," - ","CCorrente Santander","Pago"
"10/01/2022","Edf Maison Rio Branco","Condomínio","Mensal"," -","271,46","CCorrente Santander","Pago"
"10/01/2022","Santander","Dívidas","10/45","","602","CCorrente Santander","Pago"
"10/01/2022","Edf Maison Rio Branco","Air BNB","Mensal"," -","271,46","CCorrente Santander","Pago"
"10/01/2022","Vivo Fibra","Assinatura","Mensal"," -","56,99","CCorrente Santander","Pago"
"10/01/2022","Viva Fibra","Air BNB","Mensal"," -","56,99","CCorrente Santander","Pago"
"10/01/2022","Estima Dog","Felinos"," -"," -","164,6","CCorrente Santander","Pago"
"10/01/2022","Ronaldo","Outros"," -"," -","300","CCorrente Santander","Pago"
"12/01/2022","Aparecida","Faxina"," -"," -","210","CCorrente Santander","Pago"
"13/01/2022","Marly Sanglard","Dívidas","14/15"," -","500","CCorrente Santander","Pago"
"13/01/2022","Kabecos","Alimentação"," -"," -","38","CCorrente Santander","Pago"
"14/01/2022","Vivo Gabriel","Celular","Mensal"," -","50,99","CCorrente Santander","Pago"
"14/01/2022","Mercadinho","Alimentação"," -"," -","17,95","CCorrente Santander","Pago"
"17/01/2022","Vivo Pedro","Pedro","Mensal"," -","38,44","CCorrente Santander","Pago"
"17/01/2022","Vivo Priscilla","Celular","Mensal"," -","38,44","CCorrente Santander","Pago"
"19/01/2022","Santander","Seguro","9/12"," -","108,26","CCorrente Santander","Pago"
"20/01/2022","Banco Original","Dívidas","1/24"," -","584,68","CCorrente Santander","Pago"
"20/01/2022","CVC Corp ","Salário"," -","1385,04"," -","CCorrente Santander","Pago"
"20/01/2022","Santander","Juros"," -"," -","41,13","CCorrente Santander","Pago"
"25/01/2022","Gugu","Outros"," -"," -","240","CCorrente Santander","Pago"
"25/01/2022","Wester Union","Jade","- "," -","401,52","CCorrente Santander","Pago"
"01/02/2022","IOF","Impostos"," -"," -","4,88","CCorrente Santander","Pago"
"01/02/2022","Dietética","Alimentação"," -"," -","728","CCorrente Santander","Pago"
"02/02/2022","Vivo Gabriel","Celular","Mensal"," -","54,99","CCorrente Santander","Pago"
"03/02/2022","Aparecida","Faxina"," -"," -","70","CCorrente Santander","Pago"
"04/02/2022","CVC Corp ","Salário"," -","3023,8"," -","CCorrente Santander","Pago"
"04/02/2022","Santander	","Dívidas","11/45","","602","CCorrente Santander","Pago"
"04/02/2022","Muller Eletico ","Air BNB","9/10"," -","122,9","CCorrente Santander","Pago"
"04/02/2022","Tok Stok","Móveis","8/10"," -","65","CCredito Nubank","Pago"
"04/02/2022","Amazon","Eletrodomésticos","8/10"," -","33,03","CCredito Nubank","Pago"
"04/02/2022","Oticas Diniz","Cuidados Pessoais","4/10"," -","113","CCredito Nubank","Pago"
"04/02/2022","Spotfy","Assinatura","Mensal"," -","19,9","CCredito Nubank","Pago"
"04/02/2022","Globo Play","Assinatura","Mensal"," -","22,9","CCredito Nubank","Pago"
"04/02/2022","Google","Assinatura","Mensal"," -","6,99","CCredito Nubank","Pago"
"04/02/2022","Help","Vestuário","3/4"," -","97,42","CCredito Nubank","Pago"
"04/02/2022","Celular Ruy","Presente","2/6"," -","111,5","CCredito Nubank","Pago"
"04/02/2022","Carone","Alimentação","2/2 "," -","76,93","CCredito Nubank","Pago"
"04/02/2022","Insider","Vestuário","2/3"," -","91","CCredito Nubank","Pago"
"04/02/2022","Epa Supermercado","Alimentação"," -"," -","34,26","CCredito Nubank","Pago"
"04/02/2022","Estima Dog","Felinos"," -"," -","59,9","CCredito Nubank","Pago"
"04/02/2022","Sodiê","Alimentação"," -"," -","19,5","CCredito Nubank","Pago"
"04/02/2022","99 Taxi","Transporte"," -"," -","58,45","CCredito Nubank","Pago"
"04/02/2022","Loja ","vestuário","1/3"," -","63,78","CCredito Nubank","Pago"
"04/02/2022","Banca ","Outros"," -"," -","20","CCredito Nubank","Pago"
"07/02/2022","Escelsa ","Air BNB","Mensal"," -","396,22","CCorrente Santander","Pago"
"07/02/2022","Escelsa ","Energia","Mensal"," -","200","CCorrente Santander","Pago"
"07/02/2022","Edf Maison Rio Branco","Condomínio","Mensal"," -","245,46","CCorrente Santander","Pago"
"07/02/2022","Edf Maison Rio Branco","Air BNB","Mensal"," -","245,46","CCorrente Santander","Pago"
"08/02/2022","VIVO Banda Larga","Air BNB","Mensal"," -","56,95","CCorrente Santander","Pago"
"08/02/2022","VIVO Banda Larga","Internet","Mensal"," -","56,95","CCorrente Santander","Pago"
"10/02/2022","EStima Dog","Felinos"," -"," -","59,9","CCorrente Santander","Pago"
"14/02/2022","Aparecida","Faxina"," -"," -","120","CCorrente Santander","Pago"
"15/02/2022","Armarinho laranjeiras","Clé Concept"," -"," -","82,5","CCorrente Santander","Pago"
"17/02/2022","Vivo Pedro","Celular","Mensal"," -","38,44","CCorrente Santander","Pago"
"17/02/2022","Vivo Priscilla","Celular","Mensal"," -","38,44","CCorrente Santander","Pago"
"18/02/2022","CVC Corp ","Salário","Mensal","1337,76"," -","CCorrente Santander","Pago"
"21/02/2022","Santander","Juros"," -"," -","57,56","CCorrente Santander","Pago"
"21/02/2022","Seguro","Santander","10/12"," -","108,26","CCorrente Santander","Pago"
"21/02/2022","Banco Original","Dívidas","2/24"," -","584,86","CCorrente Santander","Pago"
"22/02/2022","Mercadinho","Alimentação"," -"," -","2,38","CCorrente Santander","Pago"
"23/02/2022","Wester União","Jade"," -"," -","351,33","CCorrente Santander","Pago"
"24/02/2022","Correios ","Clé Concept"," -"," -","80,2","CCorrente Santander","Pago"
"25/02/2022","Mrs Fly Viagens","Mrs. Fly Viagens"," -","500"," -","CCorrente Santander","Pago"
"02/03/2022","IOF","Impostos","Mensal"," -","13,29","CCorrente Santander","Pago"
"02/03/2022","IOF","Impostos","Mensal"," -","1,34","CCorrente Santander","Pago"
"02/03/2022","Instagran","Sítio Boa vista"," -"," -","40,7","CCorrente Santander","Pago"
"02/03/2022","Instagran","Sítio Boa vista"," -"," -","25,16","CCorrente Santander","Pago"
"02/03/2022","Ronaldo","Diversos"," -"," -","300","CCorrente Santander","Pago"
"04/03/2022","Nildete ","Clé Concept"," -"," -","380","CCorrente Santander","Pago"
"04/03/2022","CVC Corp ","Salário"," -","3394,26"," -","CCorrente Santander","Pago"
"04/03/2022","Santander	","Dívidas","12/45","","602","CCorrente Santander","Pago"
"04/03/2022","Muller Eletico ","Reforma","10/10"," -","122,9","CCredito Nubank","Pago"
"04/03/2022","Tok Stok","Reforma","9/10"," -","65","CCredito Nubank","Pago"
"04/03/2022","Amazon","Eletrodomésticos","9/10"," -","33,03","CCredito Nubank","Pago"
"04/03/2022","Oticas Diniz","Cuidados Pessoais","7/10"," -","113","CCredito Nubank","Pago"
"04/03/2022","Spotfy","Assinatura","Mensal"," -","19,9","CCredito Nubank","Pago"
"04/03/2022","Globo Play","Assinatura","Mensal"," -","22,9","CCredito Nubank","Pago"
"04/03/2022","Google","Assinatura","Mensal"," -","6,99","CCredito Nubank","Pago"
"04/03/2022","Help","Vestuário","4/4"," -","97,42","CCredito Nubank","Pago"
"04/03/2022","Celular Ruy","Presente","3/6"," -","111,5","CCredito Nubank","Pago"
"04/03/2022","Insider","Vestuário","3/3"," -","91","CCredito Nubank","Pago"
"04/03/2022","Loja ","vestuário","2/3"," -","63,78","CCredito Nubank","Pago"
"04/03/2022","Farmácia","Saúde"," -"," -","43,97","CCredito Nubank","Pago"
"04/03/2022","Hamilton Andrade","Cuidados Pessoais"," -"," -","238","CCredito Nubank","Pago"
"04/03/2022","Farmácia","Saúde","1/2"," -","43,42","CCredito Nubank","Pago"
"04/03/2022","Carone","Alimentação"," -"," -","55,12","CCredito Nubank","Pago"
"04/03/2022","99 taxi","Transporte"," -"," -","25,35","CCredito Nubank","Pago"
"04/03/2022","99 taxi","Transporte"," -"," -","32,32","CCredito Nubank","Pago"
"04/03/2022","Monte libano","Alimentação"," -"," -","4,6","CCredito Nubank","Pago"
"04/03/2022","Mania do lar","Cama/Mesa/banho"," -"," -","13,98","CCredito Nubank","Pago"
"04/03/2022","Dra Rose","Saúde"," -"," -","200","CCredito Nubank","Pago"
"04/03/2022","Banca ","outros"," -"," -","20","CCredito Nubank","Pago"
"04/03/2022","99 taxi","Transporte"," -"," -","45,65","CCredito Nubank","Pago"
"07/03/2022","Pedro","Air Bnb"," - ","800"," -","CCorrente Santander","Pago"
"10/03/2022","Vivo Fibra","Assinatura","Mensal"," -","56,6","CCorrente Santander","Pago"
"10/03/2022","Viva Fibra","Air BNB","Mensal"," -","56,6","CCorrente Santander","Pago"
"10/03/2022","Escelsa ","Air BNB","Mensal"," -","185,29","CCorrente Santander","Pago"
"10/03/2022","Escelsa ","Energia","Mensal"," -","185,29","CCorrente Santander","Pago"
"10/03/2022","Air Bnb","Condomínio","Mensal"," -","245,46","CCorrente Santander","Pago"
"10/03/2022","Edf Maison Rio Branco","Air BNB","Mensal"," -","245,46","CCorrente Santander","Pago"
"10/03/2022","Gugu","outros"," -"," -","250","CCorrente Santander","Pago"
"10/03/2022","Aparecida","Faxina"," -"," -","109","CCorrente Santander","Pago"
"11/03/2022","Pedro","Jade"," -","1235"," -","CCorrente Santander","Pago"
"16/03/2022","i-Food","Alimentação"," -"," -","27,99","CCorrente Santander","Pago"
"17/03/2022","Vivo Gabriel","celular","Mensal"," -","50,99","CCorrente Santander","Pago"
"17/03/2022","Vivo Pedro","Celular","Mensal"," -","38,44","CCorrente Santander","Pago"
"17/03/2022","Vivo Priscilla","Celular","Mensal"," -","38,44","CCorrente Santander","Pago"
"17/03/2022","western União","Jade"," -"," -","1204,56","CCorrente Santander","Pago"
"17/03/2022","Pedro","Jade"," -"," -","1130","CCorrente Santander","Pago"
"18/03/2022","CVC Corp ","Salário"," -","1421,89"," -","CCorrente Santander","Pago"
"18/03/2022","Marly Sanglard","Dívidas","15/15"," -","500","CCorrente Santander","Pago"
"21/03/2022","I-Food","Alimentação"," -"," -","144,49","CCorrente Santander","Pago"
"21/03/2022","Gugu","Outros"," -"," -","150","CCorrente Santander","Pago"
"21/03/2022","Banco Original","Dívidas","03/24"," -","584,86","CCorrente Santander","Pago"
"21/03/2022","Santander","Seguro","11/12"," -","108,26","CCorrente Santander","Pago"
"21/03/2022","Santander","juros"," -"," -","23,97","CCorrente Santander","Pago"
"22/03/2022","IPTU","Air BNB","Mensal"," -","103,2","CCorrente Santander","Pago"
"23/03/2022","Aparecida","Faxina"," -"," -","120","CCorrente Santander","Pago"
"28/03/2022","Thiago Mota","Sítio Boa vista","1/2","700"," -","CCorrente Santander","Pago"
"29/03/2022","Nildete ","Clé Concept"," -"," -","45","CCorrente Santander","Pago"
"31/03/2022","Aparecida","Faxina"," -"," -","120","CCorrente Santander","Pago"
"31/03/2022","DARF Tearte 2020",""," -"," -","473,98","CCorrente Santander","Pago"
"04/04/2022","Tok Stok","Reforma","10/10"," -","65","CCredito Nubank","Pago"
"04/04/2022","Amazon","Eletrodomésticos","10/10"," -","33,03","CCredito Nubank","Pago"
"04/04/2022","Spotfy","Assinatura","Mensal"," -","19,9","CCredito Nubank","Pago"
"04/04/2022","Globo Play","Assinatura","Mensal"," -","22,9","CCredito Nubank","Pago"
"04/04/2022","Google","Assinatura","Mensal"," -","6,99","CCredito Nubank","Pago"
"04/04/2022","Celular Ruy","Presente","4/6"," -","111,5","CCredito Nubank","Pago"
"04/04/2022","Loja ","vestuário","3/3"," -","63,78","CCredito Nubank","Pago"
"04/04/2022","Farmácia","Saúde","2/2"," -","43,42","CCredito Nubank","Pago"
"04/04/2022","Insider","Presente","1/2"," -","140","CCredito Nubank","Pago"
"04/04/2022","Carone","Alimentação"," -"," -","7,5","CCredito Nubank","Pago"
"04/04/2022","Estima Dog","Felinos"," -"," -","70","CCredito Nubank","Pago"
"04/04/2022","Madeleine","Alimentação"," -"," -","11","CCredito Nubank","Pago"
"04/04/2022","99 taxi","Transporte"," -"," -","100","CCredito Nubank","Pago"
"04/04/2022","Supermercado","Alimentação"," -"," -","32","CCredito Nubank","Pago"
"04/04/2022","Estima Dog","Felinos"," -"," -","13,6","CCredito Nubank","Pago"
"04/04/2022","Café Bamboo","Alimentação"," -"," -","28,49","CCredito Nubank","Pago"
"04/04/2022","Anuncios","Sítio Boa Vista"," -"," -","30","CCredito Nubank","Pago"
"04/04/2022","Onibus Aracruz","Transporte"," -"," -","53,28","CCredito Nubank","Pago"
"04/04/2022","Restaurante Aracruz","Alimentação"," -"," -","25,5","CCredito Nubank","Pago"
"04/04/2022","Oyo mãe","presente"," -"," -","134,13","CCredito Nubank","Pago"
"04/04/2022","Anuncios","Sítio Boa Vista"," -"," -","14,76","CCredito Nubank","Pago"
"04/04/2022","Oyo Ruy","Presente"," -"," -","114,13","CCredito Nubank","Pago"
"04/04/2022","Estima Dog","Felinos","1/3"," -","84,29","CCredito Nubank","Pago"
"04/04/2022","Banca ","Outros"," -"," -","24","CCredito Nubank","Pago"
"04/04/2022","Supermercado","Alimentação"," -"," -","12","CCredito Nubank","Pago"
"04/04/2022","Kabecos","Alimentação"," -"," -","17","CCredito Nubank","Pago"
"04/04/2022","99 Taxi","Clé Concept"," -"," -","31,92","CCredito Nubank","Pago"
"04/04/2022","Oticas Diniz","Cuidados Pessoais","5/10"," -","113","CCredito Nubank","Pago"
"01/04/2022","IOF","Impostos","Mensal"," -","0,79","CCorrente Santander","Pago"
"01/04/2022","IOF","Impostos","Mensal"," -","11,59","CCorrente Santander","Pago"
"18/04/2022","Vivo Fibra","Assinatura","Mensal"," -","56,6","CCorrente Santander","Pago"
"18/04/2022","Viva Fibra","Air BNB","Mensal"," -","56,6","CCorrente Santander","Pago"
"07/04/2022","Escelsa","Air BNB","Mensal"," -","225,76","CCorrente Santander","Pago"
"07/04/2022","Escelsa","Energia","Mensal"," -","185,29","CCorrente Santander","Pago"
"11/04/2022","Air Bnb","Condomínio","Mensal"," -","231,56","CCorrente Santander","Pago"
"11/04/2022","Edf Maison Rio Branco","Air BNB","Mensal"," -","231,56","CCorrente Santander","Pago"
"18/04/2022","Vivo Gabriel","Celular","Mensal"," -","44,9","CCorrente Santander","Pago"
"19/04/2022","Santander","Seguro","12/12"," -","108,3","CCorrente Santander","Pago"
"20/04/2022","Banco Original","Dívidas","04/24"," -","584,86","CCorrente Santander","Pago"
"20/04/2022","Air Bnb","IPTU","Mensal"," -","103,18","CCorrente Santander","Pago"
"18/04/2022","Vivo Pedro","Celular","Mensal"," -","40,69","CCorrente Santander","Pago"
"18/04/2022","Vivo Priscilla","Celular","Mensal"," -","40,69","CCorrente Santander","Pago"
"04/04/2022","Nildete","Clé Concept"," -"," -","77","CCorrente Santander","Pago"
"05/04/2022","CVC Corp","Salário"," -","3439,33"," -","CCorrente Santander","Pago"
"05/04/2022","CVC Corp","Bonus"," -","2901"," -","CCorrente Santander","Pago"
"05/04/2022","Santander	","Dívidas","13/45","","602","CCorrente Santander","Pago"
"05/04/2022","Gugu","Outros"," -"," -","300","CCorrente Santander","Pago"
"04/04/2022","Nildete","Clé Concept"," -"," -","33","CCorrente Santander","Pago"
"07/04/2022","Aparecida","Faxina"," -"," -","148","CCorrente Santander","Pago"
"08/04/2022","Pedro ","Air BNB"," -","700"," -","CCorrente Santander","Pago"
"11/04/2022","I-food","Alimentação"," -"," -","59,4","CCorrente Santander","Pago"
"11/04/2022","Correios","Clé Concept"," -"," -","79,6","CCorrente Santander","Pago"
"12/04/2022","vALCIMAR mOTOBOY","CLé Concept"," -"," -","55","CCorrente Santander","Pago"
"12/04/2022","Correios","Clé Concept"," -"," -","55,55","CCorrente Santander","Pago"
"14/04/2022","Aparecida","Faxina"," -"," -","230","CCorrente Santander","Pago"
"19/04/2022","Santander","Juros"," -"," -","42,51","CCorrente Santander","Pago"
"20/04/2022","CVC Corp","Salário"," -","1392,08"," -","CCorrente Santander","Pago"
"20/04/2022","Gabe ","Alimentação"," -"," -","28","CCorrente Santander","Pago"
"26/04/2022","Nildete","Clé Concept"," -"," -","788,44","CCorrente Santander","Pago"
"25/04/2022","Pedro ","Air BNB"," -","800"," -","CCorrente Santander","Pago"
"05/05/2022","CVC Corp","Salário"," -","3438,18"," -","CCorrente Santander","Pago"
"04/05/2022","Santander	","Dívidas","14/45","","602","CCorrente Santander","Pago"
"02/05/2022","Cle Concept","Clé Concept"," -","1420"," -","CCorrente Santander","Pago"
"02/05/2022","IOF","Impostos","Mensal"," -","0,84","CCorrente Santander","Pago"
"02/05/2022","IOF","Impostos","Mensal"," -","11,29","CCorrente Santander","Pago"
"24/05/2022","Vivo Fibra","Assinatura","Mensal"," -","56,6","CCorrente Santander","Pago"
"24/05/2022","Viva Fibra","Air BNB","Mensal"," -","56,6","CCorrente Santander","Pago"
"06/05/2022","Escelsa","Air BNB","Mensal"," -","244,73","CCorrente Santander","Pago"
"06/05/2022","Escelsa","Energia","Mensal"," -","200","CCorrente Santander","Pago"
"09/05/2022","Air Bnb","Condomínio","Mensal"," -","232","CCorrente Santander","Pago"
"09/05/2022","Edf Maison Rio Branco","Air BNB","Mensal"," -","232","CCorrente Santander","Pago"
"17/05/2022","Vivo Gabriel","celular","Mensal"," -","44,99","CCorrente Santander","Pago"
"20/05/2022","Banco Original","Dívidas","05/24"," -","584,86","CCorrente Santander","Pago"
"24/05/2022","Air Bnb","IPTU","Mensal"," -","103,18","CCorrente Santander","Pago"
"17/05/2022","Vivo Pedro","Celular","Mensal"," -","47,98","CCorrente Santander","Pago"
"15/05/2022","Vivo Priscilla","Celular","Mensal"," -","44,99","CCorrente Santander","Pago"
"04/05/2022","Oticas Diniz","Cuidados Pessoais","8/10"," -","113","CCredito Nubank","Pago"
"04/05/2022","Oticas Diniz","cuidados Pessoais","6/10"," -","113","CCredito Nubank","Pago"
"04/05/2022","Spotfy","Assinatura","Mensal"," -","19,9","CCredito Nubank","Pago"
"04/05/2022","Globo Play","Assinatura","Mensal"," -","22,9","CCredito Nubank","Pago"
"04/05/2022","Google","Assinatura","Mensal"," -","6,99","CCredito Nubank","Pago"
"04/05/2022","Celular Ruy","Presente","5/6"," -","111,5","CCredito Nubank","Pago"
"04/05/2022","Insider","presente","2/2"," -","140","CCredito Nubank","Pago"
"04/05/2022","Estima Dog","Felinos","2/3"," -","84,29","CCredito Nubank","Pago"
"04/05/2022","Oyo Gabriel","Presente"," -"," -","108,48","CCredito Nubank","Pago"
"04/05/2022","Carone","Alimentação","1/2"," -","106,42","CCredito Nubank","Pago"
"04/05/2022","Anuncios","Sítio Boa vista"," -"," -","30,01","CCredito Nubank","Pago"
"04/05/2022","Estima Dog","Felinos"," -"," -","48,7","CCredito Nubank","Pago"
"04/05/2022","Banca ","Outros"," -"," -","29","CCredito Nubank","Pago"
"04/05/2022","Anuncios","Sítio Boa vista"," -"," -","30,11","CCredito Nubank","Pago"
"04/05/2022","Estima Dog","Felinos"," -"," -","29,9","CCredito Nubank","Pago"
"04/05/2022","Banca ","Outros"," -"," -","48","CCredito Nubank","Pago"
"04/05/2022","Anuncios","Sítio Boa vista"," -"," -","27,62","CCredito Nubank","Pago"
"04/05/2022","Carone","Alimentação","1/2"," -","173,69","CCredito Nubank","Pago"
"04/05/2022","Oyo Gabriel","Presente"," -"," -","65,52","CCredito Nubank","Pago"
"04/05/2022","Carone","Alimentação","1/3"," -","65,95","CCredito Nubank","Pago"
"06/05/2022","Beatriz Cardoso","Outros"," -"," -","430","CCorrente Santander","Pago"
"09/05/2022","Jade Sanglard","Tearte"," -","486,46"," -","CCorrente Santander","Pago"
"09/05/2022","Aparecida","faxina"," -"," -","40","CCorrente Santander","Pago"
"10/05/2022","Helena","Sítio Boa vista"," -","1000"," -","CCorrente Santander","Pago"
"13/05/2022","kabecos","Alimentação"," -"," -","17","CCorrente Santander","Pago"
"09/05/2022","valcimar","Tearte"," -"," -","20","CCorrente Santander","Pago"
"17/05/2022","Mrs Fly","Mrs. Fly Viagens"," -","2000"," -","CCorrente Santander","Pago"
"18/05/2022","Booking","Sítio Boa vista"," -"," -","728","CCorrente Santander","Pago"
"18/05/2022","Shopping do Micro","Manutenção"," -"," -","270","CCorrente Santander","Pago"
"18/05/2022","Mercadinho","Alimentação"," -"," -","34","CCorrente Santander","Pago"
"20/05/2022","Cvc Corp","Salário"," -","1415,43"," -","CCorrente Santander","Pago"
"18/05/2022","Ruy ","Tearte"," -"," -","789,9","CCorrente Santander","Pago"
"23/05/2022","Faxina","Air BNB"," -"," -","150","CCorrente Santander","Pago"
"18/05/2022","I-food","Alimentação"," -"," -","108,99","CCorrente Santander","Pago"
"20/05/2022","valcimar","Tearte"," -"," -","25","CCorrente Santander","Pago"
"05/05/2022","kabecos","Alimentação"," -"," -","19","CCorrente Santander","Pago"
"23/05/2022","Western Union","Jade"," -"," -","103,18","CCorrente Santander","Pago"
"26/05/2022","Western Union","Jade"," -"," -","260,61","CCorrente Santander","Pago"
"26/05/2022","Aparecida","faxina"," -"," -","175","CCorrente Santander","Pago"
"26/05/2022","Mercadinho","Supermercado"," -"," -","26,35","CCorrente Santander","Pago"
"01/06/2022","IOF","Impostos","Mensal"," -","5,24","CCorrente Santander","Pago"
"01/06/2022","IOF","Impostos","Mensal"," -","0,17","CCorrente Santander","Pago"
"08/06/2022","Vivo Fibra","Assinatura","Mensal"," -","56,6","CCorrente Santander","Pago"
"08/06/2022","Viva Fibra","Air BNB","Mensal"," -","56,6","CCorrente Santander","Pago"
"07/06/2022","Escelsa","Energia","Mensal"," -","243,24","CCorrente Santander","Pago"
"","Edf Maison Rio Branco","Condomínio","Mensal"," -","","CCorrente Santander","Pago"
"","Vivo Gabriel","celular","Mensal"," -","44,9","CCorrente Santander","Pago"
"","Santander","Seguro","12/12"," -","108,3","CCorrente Santander","Pago"
"26/06/2022","Banco Original","Dívidas","06/24"," -","584,86","CCorrente Santander","Aberto"
"","IPTU","Air BNB","Mensal"," -","103,18","CCorrente Santander","Pago"
"","Vivo Pedro","Celular","Mensal"," -","40,69","CCorrente Santander","Pago"
"","Vivo Priscilla","Celular","Mensal"," -","40,69","CCorrente Santander","Pago"
"08/06/2022","Maria Aparecida","Faxina"," -"," -","110","CCorrente Santander","Pago"
"08/06/2022","Loja de Roupa","Vestuário"," - "," -","220","CCorrente Santander","Pago"
"07/06/2022","DARF Tearte IRPJ","Tearte"," -"," -","25","CCorrente Santander","Pago"
"07/06/2022","Juliano Contador","IRPF"," - "," -","150","CCorrente Santander","Pago"
"06/06/2022","CVC corp","Salário"," -","2731,56","","CCorrente Santander","Pago"
"04/06/2022","Santander	","Dívidas","15/45"," -","602","CCorrente Santander","Pago"
"01/06/2022","CVC corp","FGTS"," - ","600","","CCorrente Santander","Pago"
"06/06/2022","Oticas Diniz","Cuidados Pessoais","9/10"," -","113","CCredito Nubank","Pago"
"06/06/2022","Spotfy","Assinatura","Mensal"," -","19,9","CCredito Nubank","Pago"
"06/06/2022","Globo Play","Assinatura","Mensal"," -","22,9","CCredito Nubank","Pago"
"06/06/2022","Google","Assinatura","Mensal"," -","6,99","CCredito Nubank","Pago"
"06/06/2022","Estima Dog","Felinos","3/3"," -","84,29","CCredito Nubank","Pago"
"06/06/2022","Carone","Alimentação","2/2"," -","173,69","CCredito Nubank","Pago"
"06/06/2022","Celular Ruy","Presente","6/6"," -","111,5","CCredito Nubank","Pago"
"06/06/2022","Carone","Alimentação","2/2"," -","106,42","CCredito Nubank","Pago"
"06/06/2022","Diversos","Assinatura"," -"," -","84,98","CCredito Nubank","Pago"
"06/06/2022","Instagran","Sítio Boa vista"," -"," -","30","CCredito Nubank","Pago"
"06/06/2022","Hamilton Andrade","Cuidados Pessoais"," -"," -","238","CCredito Nubank","Pago"
"06/06/2022","Farmácia","Cuidados Pessoais"," -"," -","60","CCredito Nubank","Pago"
"06/06/2022","Amazon Prime","Assinatura"," -"," -","89","CCredito Nubank","Pago"
"06/06/2022","Carone","Alimentação","1/2"," -","143,42","CCredito Nubank","Pago"
"06/06/2022","Estima Dog","Felinos","1/3"," -","73,34","CCredito Nubank","Pago"
"06/06/2022","Farmácia","Saúde"," -"," -","69,9","CCredito Nubank","Pago"
"06/06/2022","Shopping do Micro","Manutenção Note","1/3"," -","190","CCredito Nubank","Pago"
"06/06/2022","Buylliant","Presente"," -"," -","502,37","CCredito Nubank","Pago"
"06/06/2022","IOF","Presente"," -"," -","32,07","CCredito Nubank","Pago"
"06/06/2022","Tiffany","","1/2"," -","74,89","CCredito Nubank","Pago"
"06/06/2022","99 taxi","Transporte"," -"," -","265,97","CCredito Nubank","Pago"
"06/06/2022","Carone","Alimentação","2/2"," -","201,02","CCredito Nubank","Pago"
"09/06/2022","Carone","Alimentação"," -"," -","287,69","CCorrente NuBank","Pago"
"08/06/2022","Lanchonete","Alimentação"," -"," -","15","CCorrente NuBank","Pago"
"06/06/2022","Josias Moreira","Manutenção casa"," -"," -","50","CCorrente NuBank","Pago"
"04/06/2022","Gugu","Outros"," -"," -","150","CCorrente NuBank","Pago"
"02/06/2022","Estima Dog","Felinos"," -"," -","10,2","CCorrente NuBank","Pago"
"02/06/2022","Tabacaria","Outros"," -"," -","30","CCorrente NuBank","Pago"
"08/06/2022","Sodiê","Alimentação"," -"," -","14,5","CCorrente NuBank","Pago"
"07/06/2022","Celular Tec","Diversos"," -"," -","35","CCorrente NuBank","Pago"
"07/06/2022","99 Taxi","Transporte"," -"," -","13","CCorrente NuBank","Pago"
"27/05/2022","Pedrinho","Presente"," -","50","","CCorrente NuBank","Pago"
"26/05/2022","Petspa","Felinos"," -"," -","32,65","CCorrente NuBank","Pago"
"26/05/2022","Café Bamboo","Alimentação"," -"," -","62","CCorrente NuBank","Pago"
"25/05/2022","Cantina Fiorentina","Alimentação"," -"," -","26,97","CCorrente NuBank","Pago"
"23/03/2022","Tabacaria","outros"," -"," -","64","CCorrente NuBank","Pago"
"22/05/2022","I-Food","Alimentação"," -"," -","55,5","CCorrente NuBank","Pago"
"16/05/2022","99 Taxi","Transporte"," -"," -","11,99","CCorrente NuBank","Pago"
"14/05/2022","Kabecos","Alimentação"," -"," -","26,5","CCorrente NuBank","Pago"
"12/05/2022","Salgados express","Alimentação"," -"," -","13,5","CCorrente NuBank","Pago"
"08/05/2022","Carone","Alimentação"," -"," -","16,78","CCorrente NuBank","Pago"
"05/05/2022","Carone","Alimentação"," -"," -","166,78","CCorrente NuBank","Pago"
"05/05/2022","Fundart","Tearte Portugal"," -"," -","330","CCorrente NuBank","Pago"
"28/04/20225","Starbucks","Viagem Trabalho"," -"," -","35,5","CCorrente NuBank","Pago"
"27/04/2022","Estima Dog","Felinos"," -"," -","68,3","CCorrente NuBank","Pago"
"23/04/2022","Tabacaria","outros"," -"," -","64","CCorrente NuBank","Pago"
"25/01/2022","Kabecos","Alimentação"," -"," -","10","CCorrente NuBank","Pago"
"24/01/2022","LCR Comercio Moveis","Gabriel"," -"," -","299","CCorrente NuBank","Pago"
"22/01/2022","Pet Z","Felinos"," -"," -","96,69","CCorrente NuBank","Pago"
"24/01/2022","Celga","Clé Concept"," -"," -","89,94","CCorrente NuBank","Pago"
"julho","IOF","Impostos","Mensal","","0,79","CCorrente Santander","Pago"
"","IOF","Impostos","Mensal","","11,59","CCorrente Santander","Pago"
"","Vivo Fibra","Moradia","mensal","","56,6","CCorrente Santander","Pago"
"","Viva Fibra","Air BNB","mensal","","56,6","CCorrente Santander","Pago"
"07/06/2022","Escelsa","Air BNB","mensal","","121,62","CCorrente Santander","Pago"
"07/06/2022","Escelsa","Moradia","mensal","","121,62","CCorrente Santander","Pago"
"10/06/2022","Air Bnb","Condomínio","mensal","","200","CCorrente Santander","Pago"
"10/06/2022","Edf Maison Rio Branco","Air BNB","mensal","","209,97","CCorrente Santander","Pago"
"17/06/2022","Vivo Gabriel","celular","mensal","","44,9","CCorrente Santander","Pago"
"22/06/2022","IPTU","Air BNB","mensal","","103,18","CCorrente Santander","Pago"
"20/06/2022","Banco Original","empréstimo","","","584,86","CCorrente Santander","Pago"
"22/06/2022","Air Bnb","IPTU","mensal","","103,18","CCorrente Santander","Pago"
"15/06/2022","Vivo Pedro","Celular","mensal","","44,98","CCorrente Santander","Pago"
"15/06/2022","Vivo Priscilla","Celular","mensal","","47,98","CCorrente Santander","Pago"
"06/06/2022","Cvc Corp","Salario"," - ","2731,56","","CCorrente Santander","Pago"
"04/07/2022","Shopping do Micro","Manutenção","2/3","","190","CCredito Nubank",""
"04/07/2022","Oticas Diniz","Cuidados Pessoais","10/10","","113","CCredito Nubank",""
"04/07/2022","Spotfy","Assinatura","Mensal","","19,9","CCredito Nubank",""
"04/07/2022","Globo Play","Assinatura","Mensal","","22,9","CCredito Nubank",""
"04/07/2022","Google","Assinatura","Mensal","","6,99","CCredito Nubank",""
"04/07/2022","Carone","Alimentação","2/2","","143,42","CCredito Nubank",""
"04/07/2022","Estima Dog","Felinos","2/3","","73,34","CCredito Nubank",""
"04/07/2022","Tiffany","","1/2","","74,89","CCredito Nubank",""
"04/08/2022","Estima Dog","Felinos","3/3","","73,34","CCredito Nubank",""
"04/08/2022","Shopping do Micro","Manutenção","3/3","","190","CCredito Nubank",""
"04/08/2022","Tiffany","","1/2","","74,89","CCredito Nubank",""